DROP DATABASE IF EXISTS library_lab;
CREATE DATABASE library_lab;
USE library_lab;

CREATE TABLE MEMBER (
    MemberID INT,
    FullName VARCHAR(100) NOT NULL,
    Email VARCHAR(100) NOT NULL,
    Age INT,
    Gender ENUM('M','F'),
    CONSTRAINT PK_MEMBER PRIMARY KEY (MemberID),
    CONSTRAINT UQ_MEMBER_EMAIL UNIQUE (Email),
    CONSTRAINT CHK_MEMBER_AGE CHECK (Age >= 12)
);

CREATE TABLE BOOK (
    BookID INT,
    Title VARCHAR(150) NOT NULL,
    ISBN VARCHAR(50) NOT NULL,
    Price DECIMAL(6,2),
    Status ENUM('AVAILABLE','BORROWED') DEFAULT 'AVAILABLE',
    CONSTRAINT PK_BOOK PRIMARY KEY (BookID),
    CONSTRAINT UQ_BOOK_ISBN UNIQUE (ISBN),
    CONSTRAINT CHK_BOOK_PRICE CHECK (Price >= 0)
);

CREATE TABLE LOAN (
    LoanID INT,
    MemberID INT,
    BookID INT,
    CONSTRAINT PK_LOAN PRIMARY KEY (LoanID),
    CONSTRAINT FK_LOAN_MEMBER FOREIGN KEY (MemberID) REFERENCES MEMBER(MemberID),
    CONSTRAINT FK_LOAN_BOOK FOREIGN KEY (BookID) REFERENCES BOOK(BookID)
);

INSERT INTO MEMBER (MemberID, FullName, Email, Age, Gender) VALUES
(1, 'Rahim Khan', 'rahim@gmail.com', 20, 'M'),
(2, 'Karim Ali', 'karim@gmail.com', 22, 'M'),
(3, 'Sadia Islam', 'sadia@gmail.com', 19, 'F'),
(4, 'Nusrat Jahan', 'nusrat@gmail.com', 25, 'F'),
(5, 'Tanvir Hasan', 'tanvir@gmail.com', 30, 'M');

INSERT INTO BOOK (BookID, Title, ISBN, Price, Status) VALUES
(1, 'Database Basics', 'ISBN001', 350, 'AVAILABLE'),
(2, 'Learning SQL', 'ISBN002', 400, 'AVAILABLE'),
(3, 'Web Development', 'ISBN003', 450, 'AVAILABLE'),
(4, 'Programming C', 'ISBN004', 300, 'AVAILABLE'),
(5, 'Python Guide', 'ISBN005', 500, 'AVAILABLE');

INSERT INTO LOAN (LoanID, MemberID, BookID) VALUES
(1, 1, 1),
(2, 2, 2),
(3, 3, 3),
(4, 1, 4),
(5, 4, 5),
(6, 5, 2);

ALTER TABLE MEMBER ADD Phone VARCHAR(15) NOT NULL DEFAULT 'N/A';
ALTER TABLE BOOK MODIFY Price DECIMAL(8,2);
ALTER TABLE BOOK CHANGE Status Availability ENUM('AVAILABLE','BORROWED') DEFAULT 'AVAILABLE';
ALTER TABLE MEMBER DROP COLUMN Gender;
ALTER TABLE MEMBER ADD CONSTRAINT CHK_PHONE CHECK (Phone <> '');
RENAME TABLE LOAN TO BORROW;
